what,kind,bundleId,bundleVersion,description,time
stopped,bundle,org.eclipse.mylyn.context.ui,3.3.2.v20100222-0100-e3x,"org.eclipse.mylyn.context.ui",1276794683816
stopped,bundle,org.eclipse.mylyn.help.ui,3.3.2.v20100222-0100-e3x,"org.eclipse.mylyn.help.ui",1276794683832
stopped,bundle,org.eclipse.mylyn.tasks.bugs,3.3.2.v20100222-0100-e3x,"org.eclipse.mylyn.tasks.bugs",1276794683832
stopped,bundle,org.eclipse.mylyn.tasks.ui,3.3.2.v20100222-0100-e3x,"org.eclipse.mylyn.tasks.ui",1276794683832
stopped,bundle,org.eclipse.cdt.debug.ui.memory.search,1.2.0.201002161416,"org.eclipse.cdt.debug.ui.memory.search",1276794683832
stopped,bundle,org.eclipse.cdt.debug.ui.memory.traditional,1.2.0.201002161416,"org.eclipse.cdt.debug.ui.memory.traditional",1276794683832
stopped,bundle,org.eclipse.cdt.core.lrparser.xlc,5.1.0.201002161416,"org.eclipse.cdt.core.lrparser.xlc",1276794683832
stopped,bundle,org.eclipse.cdt.debug.gdbjtag.ui,5.0.100.201002161416,"org.eclipse.cdt.debug.gdbjtag.ui",1276794683832
stopped,bundle,org.eclipse.cdt.launch.remote,2.2.0.201002161416,"org.eclipse.cdt.launch.remote",1276794683832
stopped,bundle,org.eclipse.cdt.debug.mi.ui,6.0.0.201002161416,"org.eclipse.cdt.debug.mi.ui",1276794683832
stopped,bundle,org.eclipse.cdt.dsf.gdb.ui,2.0.0.201002161416,"org.eclipse.cdt.dsf.gdb.ui",1276794683832
stopped,bundle,org.eclipse.cdt.examples.dsf,2.0.0.201002161416,"org.eclipse.cdt.examples.dsf",1276794683832
stopped,bundle,org.eclipse.cdt.examples.dsf.pda.ui,2.0.0.201002161416,"org.eclipse.cdt.examples.dsf.pda.ui",1276794683832
stopped,bundle,org.eclipse.cdt.dsf.ui,2.0.1.201002161416,"org.eclipse.cdt.dsf.ui",1276794683832
stopped,bundle,org.eclipse.cdt.debug.gdbjtag.core,5.0.100.201002161416,"org.eclipse.cdt.debug.gdbjtag.core",1276794683832
stopped,bundle,org.eclipse.cdt.launch,6.0.0.201002161416,"org.eclipse.cdt.launch",1276794683832
stopped,bundle,org.eclipse.cdt.debug.ui,6.0.0.201002161416,"org.eclipse.cdt.debug.ui",1276794683832
stopped,bundle,org.eclipse.cdt.managedbuilder.ui.tests,5.0.100.201002161416,"org.eclipse.cdt.managedbuilder.ui.tests",1276794683832
stopped,bundle,org.eclipse.cdt.managedbuilder.xlupc.ui,1.0.0.201002161416,"org.eclipse.cdt.managedbuilder.xlupc.ui",1276794683832
stopped,bundle,org.eclipse.cdt.managedbuilder.xlc.ui,6.0.0.201002161416,"org.eclipse.cdt.managedbuilder.xlc.ui",1276794683832
stopped,bundle,org.eclipse.cdt.managedbuilder.ui,5.1.0.201002161416,"org.eclipse.cdt.managedbuilder.ui",1276794683832
stopped,bundle,org.eclipse.cdt.make.ui,6.0.1.201002161416,"org.eclipse.cdt.make.ui",1276794683832
stopped,bundle,org.eclipse.cdt.ui.tests,5.1.0.201002161416,"org.eclipse.cdt.ui.tests",1276794683832
stopped,bundle,org.eclipse.cdt.ui,5.1.2.201002161416,"org.eclipse.cdt.ui",1276794683832
stopped,bundle,org.eclipse.rse.files.ui,3.1.1.v200908061445,"org.eclipse.rse.files.ui",1276794683832
stopped,bundle,org.eclipse.search,3.5.1.r351_v20090708-0800,"org.eclipse.search",1276794683894
stopped,bundle,org.eclipse.ltk.ui.refactoring,3.4.101.r352_v20100209,"org.eclipse.ltk.ui.refactoring",1276794683894
stopped,bundle,org.eclipse.team.cvs.ui,3.3.202.r35x_20090930-0800,"org.eclipse.team.cvs.ui",1276794683894
stopped,bundle,org.eclipse.team.ui,3.5.0.I20090430-0408,"org.eclipse.team.ui",1276794683894
stopped,bundle,org.eclipse.compare,3.5.2.r35x_20100113-0800,"org.eclipse.compare",1276794683894
stopped,bundle,org.eclipse.ui.externaltools,3.2.0.v20090504,"org.eclipse.ui.externaltools",1276794683894
stopped,bundle,org.eclipse.cdt.debug.ui.memory.memorybrowser,1.2.0.201002161416,"org.eclipse.cdt.debug.ui.memory.memorybrowser",1276794683894
stopped,bundle,org.eclipse.cdt.debug.ui.memory.transport,1.2.0.201002161416,"org.eclipse.cdt.debug.ui.memory.transport",1276794683894
activated,perspective,org.eclipse.jdt.ui,,"org.eclipse.jdt.ui.JavaPerspective",1276803460036
started,bundle,org.eclipse.osgi,3.5.2.R35x_v20100126,"org.eclipse.osgi",1276803460038
started,bundle,org.eclipse.equinox.simpleconfigurator,1.0.101.R35x_v20090807-1100,"org.eclipse.equinox.simpleconfigurator",1276803460254
started,bundle,com.ibm.icu,4.0.1.v20090822,"com.ibm.icu",1276803460259
started,bundle,org.eclipse.compare.core,3.5.0.I20090430-0408,"org.eclipse.compare.core",1276803460262
started,bundle,org.eclipse.core.contenttype,3.4.1.R35x_v20090826-0451,"org.eclipse.core.contenttype",1276803460262
started,bundle,org.eclipse.core.databinding.observable,1.2.0.M20090902-0800,"org.eclipse.core.databinding.observable",1276803460265
started,bundle,org.eclipse.core.expressions,3.4.101.R35x_v20100209,"org.eclipse.core.expressions",1276803460265
started,bundle,org.eclipse.core.filebuffers,3.5.0.v20090526-2000,"org.eclipse.core.filebuffers",1276803460266
started,bundle,org.eclipse.core.filesystem,1.2.1.R35x_v20091203-1235,"org.eclipse.core.filesystem",1276803460266
started,bundle,org.eclipse.core.jobs,3.4.100.v20090429-1800,"org.eclipse.core.jobs",1276803460268
started,bundle,org.eclipse.core.net,1.2.1.r35x_20090812-1200,"org.eclipse.core.net",1276803460268
started,bundle,org.eclipse.core.resources,3.5.2.R35x_v20091203-1235,"org.eclipse.core.resources",1276803460268
started,bundle,org.eclipse.core.runtime,3.5.0.v20090525,"org.eclipse.core.runtime",1276803460268
started,bundle,org.eclipse.core.runtime.compatibility,3.2.0.v20090413,"org.eclipse.core.runtime.compatibility",1276803460271
started,bundle,org.eclipse.core.runtime.compatibility.auth,3.2.100.v20090413,"org.eclipse.core.runtime.compatibility.auth",1276803460275
started,bundle,org.eclipse.debug.core,3.5.1.v20091103_r352,"org.eclipse.debug.core",1276803460275
started,bundle,org.eclipse.ecf,3.0.0.v20090831-1906,"org.eclipse.ecf",1276803460275
started,bundle,org.eclipse.ecf.filetransfer,3.0.0.v20090831-1906,"org.eclipse.ecf.filetransfer",1276803460275
started,bundle,org.eclipse.ecf.identity,3.0.0.v20090831-1906,"org.eclipse.ecf.identity",1276803460275
started,bundle,org.eclipse.ecf.provider.filetransfer,3.0.1.v20090831-1906,"org.eclipse.ecf.provider.filetransfer",1276803460275
started,bundle,org.eclipse.ecf.provider.filetransfer.httpclient,3.0.1.v20090831-1906,"org.eclipse.ecf.provider.filetransfer.httpclient",1276803460275
started,bundle,org.eclipse.epp.usagedata.gathering,1.1.1.R201001291118,"org.eclipse.epp.usagedata.gathering",1276803460310
started,bundle,org.eclipse.epp.usagedata.recording,1.1.1.R201001291118,"org.eclipse.epp.usagedata.recording",1276803460310
started,bundle,org.eclipse.equinox.app,1.2.1.R35x_v20091203,"org.eclipse.equinox.app",1276803460311
started,bundle,org.eclipse.equinox.common,3.5.1.R35x_v20090807-1100,"org.eclipse.equinox.common",1276803460316
started,bundle,org.eclipse.equinox.ds,1.1.1.R35x_v20090806,"org.eclipse.equinox.ds",1276803460320
started,bundle,org.eclipse.equinox.frameworkadmin,1.0.100.v20090520-1905,"org.eclipse.equinox.frameworkadmin",1276803460347
started,bundle,org.eclipse.equinox.frameworkadmin.equinox,1.0.101.R35x_v20091214,"org.eclipse.equinox.frameworkadmin.equinox",1276803460600
started,bundle,org.eclipse.equinox.p2.artifact.repository,1.0.101.R35x_v20090721,"org.eclipse.equinox.p2.artifact.repository",1276803460601
started,bundle,org.eclipse.equinox.p2.core,1.0.101.R35x_v20090819,"org.eclipse.equinox.p2.core",1276803460606
started,bundle,org.eclipse.equinox.p2.director,1.0.101.R35x_v20100112,"org.eclipse.equinox.p2.director",1276803460621
started,bundle,org.eclipse.equinox.p2.directorywatcher,1.0.100.v20090525,"org.eclipse.equinox.p2.directorywatcher",1276803460643
started,bundle,org.eclipse.equinox.p2.engine,1.0.102.R35x_v20091117,"org.eclipse.equinox.p2.engine",1276803460643
started,bundle,org.eclipse.equinox.p2.exemplarysetup,1.0.100.v20090520-1905,"org.eclipse.equinox.p2.exemplarysetup",1276803460647
started,bundle,org.eclipse.equinox.p2.extensionlocation,1.0.100.v20090520-1905,"org.eclipse.equinox.p2.extensionlocation",1276803460647
started,bundle,org.eclipse.equinox.p2.garbagecollector,1.0.100.v20090520-1905,"org.eclipse.equinox.p2.garbagecollector",1276803460647
started,bundle,org.eclipse.equinox.p2.metadata,1.0.101.R35x_v20100112,"org.eclipse.equinox.p2.metadata",1276803460653
started,bundle,org.eclipse.equinox.p2.metadata.repository,1.0.101.R35x_v20090812,"org.eclipse.equinox.p2.metadata.repository",1276803460654
started,bundle,org.eclipse.equinox.p2.publisher,1.0.1.R35x_20100105,"org.eclipse.equinox.p2.publisher",1276803460654
started,bundle,org.eclipse.equinox.p2.reconciler.dropins,1.0.100.v20090520-1905,"org.eclipse.equinox.p2.reconciler.dropins",1276803460654
started,bundle,org.eclipse.equinox.p2.repository,1.0.1.R35x_v20100105,"org.eclipse.equinox.p2.repository",1276803460656
started,bundle,org.eclipse.equinox.p2.touchpoint.eclipse,1.0.101.R35x_20090820-1821,"org.eclipse.equinox.p2.touchpoint.eclipse",1276803460656
started,bundle,org.eclipse.equinox.p2.ui.sdk.scheduler,1.0.0.v20090520-1905,"org.eclipse.equinox.p2.ui.sdk.scheduler",1276803460657
started,bundle,org.eclipse.equinox.p2.updatechecker,1.1.0.v20090520-1905,"org.eclipse.equinox.p2.updatechecker",1276803460659
started,bundle,org.eclipse.equinox.preferences,3.2.301.R35x_v20091117,"org.eclipse.equinox.preferences",1276803460660
started,bundle,org.eclipse.equinox.registry,3.4.100.v20090520-1800,"org.eclipse.equinox.registry",1276803460660
started,bundle,org.eclipse.equinox.security,1.0.100.v20090520-1800,"org.eclipse.equinox.security",1276803460660
started,bundle,org.eclipse.equinox.simpleconfigurator.manipulator,1.0.101.R35x_v20100209,"org.eclipse.equinox.simpleconfigurator.manipulator",1276803460665
started,bundle,org.eclipse.equinox.util,1.0.100.v20090520-1800,"org.eclipse.equinox.util",1276803460685
started,bundle,org.eclipse.help,3.4.1.v20090805_35x,"org.eclipse.help",1276803460685
started,bundle,org.eclipse.jdt.core,3.5.2.v_981_R35x,"org.eclipse.jdt.core",1276803460685
started,bundle,org.eclipse.jdt.core.manipulation,1.3.0.v20090603,"org.eclipse.jdt.core.manipulation",1276803460685
started,bundle,org.eclipse.jdt.launching,3.5.1.v20100108_r352,"org.eclipse.jdt.launching",1276803460685
started,bundle,org.eclipse.jdt.ui,3.5.2.r352_v20100106-0800,"org.eclipse.jdt.ui",1276803460685
started,bundle,org.eclipse.jface,3.5.2.M20100120-0800,"org.eclipse.jface",1276803460698
started,bundle,org.eclipse.jsch.core,1.1.100.I20090430-0408,"org.eclipse.jsch.core",1276803460699
started,bundle,org.eclipse.ltk.core.refactoring,3.5.0.v20090513-2000,"org.eclipse.ltk.core.refactoring",1276803460711
started,bundle,org.eclipse.ltk.ui.refactoring,3.4.101.r352_v20100209,"org.eclipse.ltk.ui.refactoring",1276803460711
started,bundle,org.eclipse.team.core,3.5.1.r35x_20100113-0800,"org.eclipse.team.core",1276803460711
started,bundle,org.eclipse.team.cvs.core,3.3.200.I20090430-0408,"org.eclipse.team.cvs.core",1276803460716
started,bundle,org.eclipse.team.cvs.ui,3.3.202.r35x_20090930-0800,"org.eclipse.team.cvs.ui",1276803460717
started,bundle,org.eclipse.team.ui,3.5.0.I20090430-0408,"org.eclipse.team.ui",1276803460717
started,bundle,org.eclipse.ui,3.5.2.M20100120-0800,"org.eclipse.ui",1276803460717
started,bundle,org.eclipse.ui.console,3.4.0.v20090513,"org.eclipse.ui.console",1276803460717
started,bundle,org.eclipse.ui.editors,3.5.0.v20090527-2000,"org.eclipse.ui.editors",1276803460717
started,bundle,org.eclipse.ui.ide,3.5.2.M20100113-0800,"org.eclipse.ui.ide",1276803460717
started,bundle,org.eclipse.ui.net,1.2.1.r35x_20090812-1200,"org.eclipse.ui.net",1276803460717
started,bundle,org.eclipse.ui.views,3.4.1.M20090826-0800,"org.eclipse.ui.views",1276803460717
started,bundle,org.eclipse.ui.workbench,3.5.2.M20100113-0800,"org.eclipse.ui.workbench",1276803460718
started,bundle,org.eclipse.ui.workbench.texteditor,3.5.1.r352_v20100105,"org.eclipse.ui.workbench.texteditor",1276803460718
started,bundle,org.eclipse.update.configurator,3.3.0.v20090312,"org.eclipse.update.configurator",1276803460720
started,bundle,org.eclipse.update.core,3.2.300.v20090525,"org.eclipse.update.core",1276803460720
started,bundle,org.eclipse.update.scheduler,3.2.200.v20081127,"org.eclipse.update.scheduler",1276803460720
started,bundle,org.eclipse.mylyn.commons.net,3.3.0.v20091013-0200-e3x,"org.eclipse.mylyn.commons.net",1276803460723
started,bundle,org.eclipse.mylyn.monitor.ui,3.3.2.v20100222-0100-e3x,"org.eclipse.mylyn.monitor.ui",1276803460723
os,sysinfo,,,"win32",1276803460732
arch,sysinfo,,,"x86",1276803460732
ws,sysinfo,,,"win32",1276803460732
locale,sysinfo,,,"ko_KR",1276803460732
processors,sysinfo,,,"2",1276803460732
java.runtime.name,sysinfo,,,"Java(TM) SE Runtime Environment",1276803460732
java.runtime.version,sysinfo,,,"1.6.0_20-b02",1276803460732
java.specification.name,sysinfo,,,"Java Platform API Specification",1276803460732
java.specification.vendor,sysinfo,,,"Sun Microsystems Inc.",1276803460732
java.specification.version,sysinfo,,,"1.6",1276803460732
java.vendor,sysinfo,,,"Sun Microsystems Inc.",1276803460732
java.version,sysinfo,,,"1.6.0_20",1276803460732
java.vm.info,sysinfo,,,"mixed mode",1276803460732
java.vm.name,sysinfo,,,"Java HotSpot(TM) Client VM",1276803460732
java.vm.specification.name,sysinfo,,,"Java Virtual Machine Specification",1276803460732
java.vm.specification.vendor,sysinfo,,,"Sun Microsystems Inc.",1276803460732
java.vm.specification.version,sysinfo,,,"1.0",1276803460732
java.vm.vendor,sysinfo,,,"Sun Microsystems Inc.",1276803460732
java.vm.version,sysinfo,,,"16.3-b01",1276803460732
executed,command,org.eclipse.ui,3.5.2.M20100120-0800,"org.eclipse.ui.file.refresh",1276803461335
started,bundle,org.eclipse.mylyn.commons.ui,3.3.2.v20100222-0100-e3x,"org.eclipse.mylyn.commons.ui",1276803461360
started,bundle,org.eclipse.mylyn.bugzilla.core,3.3.2.v20100222-0100-e3x,"org.eclipse.mylyn.bugzilla.core",1276803461732
started,bundle,org.eclipse.mylyn.bugzilla.ui,3.3.2.v20100222-0100-e3x,"org.eclipse.mylyn.bugzilla.ui",1276803461853
started,bundle,org.eclipse.ui.forms,3.4.1.v20090714_35x,"org.eclipse.ui.forms",1276803462463
started,bundle,org.eclipse.mylyn.context.core,3.3.2.v20100222-0100-e3x,"org.eclipse.mylyn.context.core",1276803462580
started,bundle,org.eclipse.mylyn.context.ui,3.3.2.v20100222-0100-e3x,"org.eclipse.mylyn.context.ui",1276803462662
started,bundle,org.eclipse.mylyn.tasks.ui,3.3.2.v20100222-0100-e3x,"org.eclipse.mylyn.tasks.ui",1276803462879
started,bundle,org.eclipse.mylyn.team.ui,3.3.2.v20100222-0100-e3x,"org.eclipse.mylyn.team.ui",1276803462896
executed,command,org.eclipse.ui,3.5.2.M20100120-0800,"org.eclipse.ui.file.refresh",1276803463818
activated,view,org.eclipse.jdt.ui,3.5.2.r352_v20100106-0800,"org.eclipse.jdt.ui.PackageExplorer",1276803463923
started,bundle,org.eclipse.jdt.apt.core,3.3.202.R35x_v20091130-2300,"org.eclipse.jdt.apt.core",1276803468233
started,bundle,org.eclipse.jdt.apt.pluggable.core,1.0.201.R35x_v20090925-1100,"org.eclipse.jdt.apt.pluggable.core",1276803468334
started,bundle,org.python.pydev.core,1.5.7.2010050621,"org.python.pydev.core",1276803470953
started,bundle,org.python.pydev.parser,1.5.7.2010050621,"org.python.pydev.parser",1276803471229
started,bundle,com.python.pydev.analysis,1.5.7.2010050621,"com.python.pydev.analysis",1276803473061
started,bundle,org.python.pydev,1.5.7.2010050621,"org.python.pydev",1276803473178
started,bundle,org.eclipse.compare,3.5.2.r35x_20100113-0800,"org.eclipse.compare",1276803473933
started,bundle,org.eclipse.core.variables,3.2.200.v20090521,"org.eclipse.core.variables",1276803478126
deactivated,workbench,org.eclipse.ui.workbench,3.5.2.M20100113-0800,"",1276803484806
closed,editor,org.eclipse.jdt.ui,3.5.2.r352_v20100106-0800,"org.eclipse.jdt.ui.CompilationUnitEditor",1276803494303
activated,workbench,org.eclipse.ui.workbench,3.5.2.M20100113-0800,"",1276803494920
executed,command,org.eclipse.ltk.ui.refactoring,3.4.101.r352_v20100209,"org.eclipse.ltk.ui.refactoring.commands.deleteResources",1276803494939
executed,command,org.eclipse.ui,3.5.2.M20100120-0800,"org.eclipse.ui.edit.delete",1276803494940
deactivated,workbench,org.eclipse.ui.workbench,3.5.2.M20100113-0800,"",1276803495628
activated,workbench,org.eclipse.ui.workbench,3.5.2.M20100113-0800,"",1276803590005
deactivated,workbench,org.eclipse.ui.workbench,3.5.2.M20100113-0800,"",1276803591045
activated,workbench,org.eclipse.ui.workbench,3.5.2.M20100113-0800,"",1276803668770
closed,workbench,org.eclipse.ui.workbench,3.5.2.M20100113-0800,"",1276803670517
stopped,bundle,org.eclipse.mylyn.ide.ant,3.3.2.v20100222-0100-e3x,"org.eclipse.mylyn.ide.ant",1276803672736
stopped,bundle,org.eclipse.ant.ui,3.4.2.v20091204_r352,"org.eclipse.ant.ui",1276803672736
stopped,bundle,org.eclipse.compare.win32,1.0.0.I20090430-0408,"org.eclipse.compare.win32",1276803672736
stopped,bundle,org.eclipse.mylyn.java.tasks,3.3.2.v20100222-0100-e3x,"org.eclipse.mylyn.java.tasks",1276803672736
stopped,bundle,org.eclipse.mylyn.java.ui,3.3.2.v20100222-0100-e3x,"org.eclipse.mylyn.java.ui",1276803672736
stopped,bundle,org.eclipse.jdt.junit,3.5.2.r352_v20100113-0800,"org.eclipse.jdt.junit",1276803672736
stopped,bundle,org.eclipse.jdt.apt.ui,3.3.200.v20090930-2100_R35x,"org.eclipse.jdt.apt.ui",1276803672737
stopped,bundle,org.eclipse.jdt.debug.ui,3.4.1.v20090811_r351,"org.eclipse.jdt.debug.ui",1276803672737
stopped,bundle,com.python.pydev.codecompletion,1.5.7.2010050621,"com.python.pydev.codecompletion",1276803672737
stopped,bundle,com.python.pydev.refactoring,1.5.7.2010050621,"com.python.pydev.refactoring",1276803672737
stopped,bundle,com.python.pydev.analysis,1.5.7.2010050621,"com.python.pydev.analysis",1276803672929
stopped,bundle,com.python.pydev.debug,1.5.7.2010050621,"com.python.pydev.debug",1276803672929
stopped,bundle,com.python.pydev.fastparser,1.5.7.2010050621,"com.python.pydev.fastparser",1276803672930
stopped,bundle,com.python.pydev,1.5.7.2010050621,"com.python.pydev",1276803672930
stopped,bundle,org.python.pydev.django,1.5.7.2010050621,"org.python.pydev.django",1276803672930
stopped,bundle,org.python.pydev.customizations,1.5.7.2010050621,"org.python.pydev.customizations",1276803672930
stopped,bundle,org.python.pydev.debug,1.5.7.2010050621,"org.python.pydev.debug",1276803672930
stopped,bundle,org.python.pydev.refactoring,1.5.7.2010050621,"org.python.pydev.refactoring",1276803672930
stopped,bundle,org.python.pydev.templates,1.5.7.2010050621,"org.python.pydev.templates",1276803672931
stopped,bundle,org.python.pydev,1.5.7.2010050621,"org.python.pydev",1276803673240
stopped,bundle,org.eclipse.jdt.ui,3.5.2.r352_v20100106-0800,"org.eclipse.jdt.ui",1276803673626
stopped,bundle,org.eclipse.wst.dtd.ui,1.0.400.v200904300717,"org.eclipse.wst.dtd.ui",1276803673626
stopped,bundle,org.eclipse.wst.xsd.ui,1.2.204.v200909021537,"org.eclipse.wst.xsd.ui",1276803673626
stopped,bundle,org.eclipse.wst.xml.ui,1.1.2.v201001222130,"org.eclipse.wst.xml.ui",1276803673626
stopped,bundle,org.eclipse.wst.common.ui,1.1.402.v200901262305,"org.eclipse.wst.common.ui",1276803673626
stopped,bundle,org.eclipse.wst.sse.ui,1.1.102.v200910200227,"org.eclipse.wst.sse.ui",1276803673626
stopped,bundle,org.eclipse.mylyn.bugzilla.ui,3.3.2.v20100222-0100-e3x,"org.eclipse.mylyn.bugzilla.ui",1276803673628
stopped,bundle,org.eclipse.mylyn.ide.ui,3.3.2.v20100222-0100-e3x,"org.eclipse.mylyn.ide.ui",1276803673628
stopped,bundle,org.eclipse.mylyn.team.ui,3.3.2.v20100222-0100-e3x,"org.eclipse.mylyn.team.ui",1276803673628
stopped,bundle,org.eclipse.cdt.mylyn.ui,1.0.100.201002161416,"org.eclipse.cdt.mylyn.ui",1276803673653
stopped,bundle,org.eclipse.mylyn.resources.ui,3.3.2.v20100222-0100-e3x,"org.eclipse.mylyn.resources.ui",1276803673653
stopped,bundle,org.eclipse.mylyn.wikitext.tasks.ui,1.2.1.v20100222-0100-e3x,"org.eclipse.mylyn.wikitext.tasks.ui",1276803673654
stopped,bundle,org.eclipse.mylyn.context.ui,3.3.2.v20100222-0100-e3x,"org.eclipse.mylyn.context.ui",1276803673654
stopped,bundle,org.eclipse.mylyn.help.ui,3.3.2.v20100222-0100-e3x,"org.eclipse.mylyn.help.ui",1276803673654
stopped,bundle,org.eclipse.mylyn.tasks.bugs,3.3.2.v20100222-0100-e3x,"org.eclipse.mylyn.tasks.bugs",1276803673655
stopped,bundle,org.eclipse.mylyn.tasks.ui,3.3.2.v20100222-0100-e3x,"org.eclipse.mylyn.tasks.ui",1276803673656
stopped,bundle,org.eclipse.cdt.debug.ui.memory.search,1.2.0.201002161416,"org.eclipse.cdt.debug.ui.memory.search",1276803673656
stopped,bundle,org.eclipse.cdt.debug.ui.memory.traditional,1.2.0.201002161416,"org.eclipse.cdt.debug.ui.memory.traditional",1276803673656
stopped,bundle,org.eclipse.cdt.core.lrparser.xlc,5.1.0.201002161416,"org.eclipse.cdt.core.lrparser.xlc",1276803673656
stopped,bundle,org.eclipse.cdt.debug.gdbjtag.ui,5.0.100.201002161416,"org.eclipse.cdt.debug.gdbjtag.ui",1276803673656
stopped,bundle,org.eclipse.cdt.launch.remote,2.2.0.201002161416,"org.eclipse.cdt.launch.remote",1276803673657
stopped,bundle,org.eclipse.cdt.debug.mi.ui,6.0.0.201002161416,"org.eclipse.cdt.debug.mi.ui",1276803673657
stopped,bundle,org.eclipse.cdt.dsf.gdb.ui,2.0.0.201002161416,"org.eclipse.cdt.dsf.gdb.ui",1276803673657
stopped,bundle,org.eclipse.cdt.examples.dsf,2.0.0.201002161416,"org.eclipse.cdt.examples.dsf",1276803673657
stopped,bundle,org.eclipse.cdt.examples.dsf.pda.ui,2.0.0.201002161416,"org.eclipse.cdt.examples.dsf.pda.ui",1276803673657
stopped,bundle,org.eclipse.cdt.dsf.ui,2.0.1.201002161416,"org.eclipse.cdt.dsf.ui",1276803673657
stopped,bundle,org.eclipse.cdt.debug.gdbjtag.core,5.0.100.201002161416,"org.eclipse.cdt.debug.gdbjtag.core",1276803673657
stopped,bundle,org.eclipse.cdt.launch,6.0.0.201002161416,"org.eclipse.cdt.launch",1276803673658
stopped,bundle,org.eclipse.cdt.debug.ui,6.0.0.201002161416,"org.eclipse.cdt.debug.ui",1276803673658
stopped,bundle,org.eclipse.cdt.managedbuilder.ui.tests,5.0.100.201002161416,"org.eclipse.cdt.managedbuilder.ui.tests",1276803673658
stopped,bundle,org.eclipse.cdt.managedbuilder.xlupc.ui,1.0.0.201002161416,"org.eclipse.cdt.managedbuilder.xlupc.ui",1276803673658
stopped,bundle,org.eclipse.cdt.managedbuilder.xlc.ui,6.0.0.201002161416,"org.eclipse.cdt.managedbuilder.xlc.ui",1276803673659
stopped,bundle,org.eclipse.cdt.managedbuilder.ui,5.1.0.201002161416,"org.eclipse.cdt.managedbuilder.ui",1276803673661
stopped,bundle,org.eclipse.cdt.make.ui,6.0.1.201002161416,"org.eclipse.cdt.make.ui",1276803673688
stopped,bundle,org.eclipse.cdt.ui.tests,5.1.0.201002161416,"org.eclipse.cdt.ui.tests",1276803673688
stopped,bundle,org.eclipse.cdt.ui,5.1.2.201002161416,"org.eclipse.cdt.ui",1276803673689
stopped,bundle,org.eclipse.rse.files.ui,3.1.1.v200908061445,"org.eclipse.rse.files.ui",1276803673689
stopped,bundle,org.eclipse.search,3.5.1.r351_v20090708-0800,"org.eclipse.search",1276803673689
stopped,bundle,org.eclipse.ltk.ui.refactoring,3.4.101.r352_v20100209,"org.eclipse.ltk.ui.refactoring",1276803673958
stopped,bundle,org.eclipse.team.cvs.ui,3.3.202.r35x_20090930-0800,"org.eclipse.team.cvs.ui",1276803673960
stopped,bundle,org.eclipse.team.ui,3.5.0.I20090430-0408,"org.eclipse.team.ui",1276803673960
stopped,bundle,org.eclipse.compare,3.5.2.r35x_20100113-0800,"org.eclipse.compare",1276803673961
stopped,bundle,org.eclipse.ui.externaltools,3.2.0.v20090504,"org.eclipse.ui.externaltools",1276803673961
stopped,bundle,org.eclipse.cdt.debug.ui.memory.memorybrowser,1.2.0.201002161416,"org.eclipse.cdt.debug.ui.memory.memorybrowser",1276803673961
stopped,bundle,org.eclipse.cdt.debug.ui.memory.transport,1.2.0.201002161416,"org.eclipse.cdt.debug.ui.memory.transport",1276803673961
stopped,bundle,org.eclipse.debug.ui,3.5.2.v20091028_r352,"org.eclipse.debug.ui",1276803673962
stopped,bundle,org.python.pydev.jython,1.5.7.2010050621,"org.python.pydev.jython",1276803673962
stopped,bundle,org.python.pydev.parser,1.5.7.2010050621,"org.python.pydev.parser",1276803673963
stopped,bundle,org.python.pydev.core,1.5.7.2010050621,"org.python.pydev.core",1276803673963
stopped,bundle,org.eclipse.ui.console,3.4.0.v20090513,"org.eclipse.ui.console",1276803673964
stopped,bundle,org.eclipse.mylyn.commons.ui,3.3.2.v20100222-0100-e3x,"org.eclipse.mylyn.commons.ui",1276803673964
stopped,bundle,org.eclipse.mylyn.wikitext.ui,1.2.1.v20100222-0100-e3x,"org.eclipse.mylyn.wikitext.ui",1276803673964
stopped,bundle,org.eclipse.ui.editors,3.5.0.v20090527-2000,"org.eclipse.ui.editors",1276803673964
stopped,bundle,org.eclipse.test,3.3.0,"org.eclipse.test",1276803673965
stopped,bundle,org.eclipse.ui.navigator.resources,3.4.1.M20090826-0800,"org.eclipse.ui.navigator.resources",1276803673965
stopped,bundle,org.eclipse.wst.common.snippets,1.1.301.v201001280015,"org.eclipse.wst.common.snippets",1276803673966
stopped,bundle,org.eclipse.rse.subsystems.shells.core,3.1.0.v200905272300,"org.eclipse.rse.subsystems.shells.core",1276803673972
stopped,bundle,org.eclipse.rse.subsystems.files.core,3.1.1.v200909160005,"org.eclipse.rse.subsystems.files.core",1276803673972
stopped,bundle,org.eclipse.rse.ui,3.1.1.v200909160005,"org.eclipse.rse.ui",1276803673972
stopped,bundle,org.eclipse.ui.workbench.texteditor,3.5.1.r352_v20100105,"org.eclipse.ui.workbench.texteditor",1276803673972
stopped,bundle,org.eclipse.compare.core,3.5.0.I20090430-0408,"org.eclipse.compare.core",1276803673972
stopped,bundle,org.eclipse.emf.edit.ui,2.5.0.v200906151043,"org.eclipse.emf.edit.ui",1276803673978
stopped,bundle,org.eclipse.gef,3.5.1.v20090910-2020,"org.eclipse.gef",1276803673979
stopped,bundle,org.eclipse.emf.common.ui,2.5.0.v200906151043,"org.eclipse.emf.common.ui",1276803673979
stopped,bundle,org.eclipse.epp.usagedata.ui,1.1.1.R201001291118,"org.eclipse.epp.usagedata.ui",1276803673979
